{"cameraMode":{"drawMode":0,"name":"Shaded","section":"Shading Mode"},"sceneLighting":false,"audioPlay":false,"sceneViewState":{"m_AlwaysRefresh":false,"showFog":false,"showSkybox":false,"showFlares":false,"showImageEffects":false,"showParticleSystems":false,"showVisualEffectGraphs":true,"m_FxEnabled":true},"in2DMode":false,"pivot":{"x":0.04252791404724121,"y":-0.9287039041519165,"z":-1.1379317045211793},"rotation":{"x":0.0016833054833114148,"y":-0.995440661907196,"z":0.01791996881365776,"w":0.09374771267175675},"size":4.538263320922852,"orthographic":false}