{"cameraMode":{"drawMode":0,"name":"Shaded","section":"Shading Mode"},"sceneLighting":false,"audioPlay":false,"sceneViewState":{"m_AlwaysRefresh":false,"showFog":false,"showSkybox":false,"showFlares":false,"showImageEffects":false,"showParticleSystems":false,"showVisualEffectGraphs":true,"m_FxEnabled":true},"in2DMode":false,"pivot":{"x":0.23314565420150758,"y":-0.051744043827056888,"z":-3.004945755004883},"rotation":{"x":0.07617100328207016,"y":0.8449357151985169,"z":-0.1251084953546524,"w":0.5144360661506653},"size":2.744166612625122,"orthographic":true}