{"cameraMode":{"drawMode":0,"name":"Shaded","section":"Shading Mode"},"sceneLighting":false,"audioPlay":false,"sceneViewState":{"m_AlwaysRefresh":false,"showFog":false,"showSkybox":false,"showFlares":false,"showImageEffects":false,"showParticleSystems":false,"showVisualEffectGraphs":true,"m_FxEnabled":true},"in2DMode":false,"pivot":{"x":2.2422373294830324,"y":2.4027767181396486,"z":0.0036203861236572267},"rotation":{"x":0.05468473583459854,"y":-0.9341418743133545,"z":0.16332808136940003,"w":0.3127792775630951},"size":8.863930702209473,"orthographic":true}