{"cameraMode":{"drawMode":0,"name":"Shaded","section":"Shading Mode"},"sceneLighting":false,"audioPlay":false,"sceneViewState":{"m_AlwaysRefresh":false,"showFog":false,"showSkybox":false,"showFlares":false,"showImageEffects":false,"showParticleSystems":false,"showVisualEffectGraphs":true,"m_FxEnabled":true},"in2DMode":false,"pivot":{"x":-0.06416082382202149,"y":0.06754392385482788,"z":-2.500162124633789},"rotation":{"x":-0.011794541031122208,"y":-0.6993476152420044,"z":-0.011538378894329071,"w":0.7146161198616028},"size":0.8956482410430908,"orthographic":true}