{"cameraMode":{"drawMode":0,"name":"Shaded","section":"Shading Mode"},"sceneLighting":false,"audioPlay":false,"sceneViewState":{"m_AlwaysRefresh":false,"showFog":false,"showSkybox":false,"showFlares":false,"showImageEffects":false,"showParticleSystems":false,"showVisualEffectGraphs":true,"m_FxEnabled":true},"in2DMode":false,"pivot":{"x":-0.052795231342315677,"y":0.09224709868431092,"z":0.5636093616485596},"rotation":{"x":0.13117124140262605,"y":-0.7061697244644165,"z":0.135735422372818,"w":0.6824195981025696},"size":0.7057583332061768,"orthographic":true}