{"cameraMode":{"drawMode":0,"name":"Shaded","section":"Shading Mode"},"sceneLighting":false,"audioPlay":false,"sceneViewState":{"m_AlwaysRefresh":false,"showFog":false,"showSkybox":false,"showFlares":false,"showImageEffects":false,"showParticleSystems":false,"showVisualEffectGraphs":true,"m_FxEnabled":true},"in2DMode":false,"pivot":{"x":-1.2176090478897095,"y":-0.11448131501674652,"z":-0.24617640674114228},"rotation":{"x":0.058442894369363788,"y":-0.8467809557914734,"z":0.09515032917261124,"w":0.520094633102417},"size":2.025172472000122,"orthographic":false}