{"cameraMode":{"drawMode":0,"name":"Shaded","section":"Shading Mode"},"sceneLighting":false,"audioPlay":false,"sceneViewState":{"m_AlwaysRefresh":false,"showFog":false,"showSkybox":false,"showFlares":false,"showImageEffects":false,"showParticleSystems":false,"showVisualEffectGraphs":true,"m_FxEnabled":true},"in2DMode":false,"pivot":{"x":-0.043577730655670169,"y":-0.8758641481399536,"z":-0.7402166128158569},"rotation":{"x":0.7243782877922058,"y":-0.04789216071367264,"z":-0.6859126091003418,"w":-0.05082542449235916},"size":2.678067207336426,"orthographic":true}