{"cameraMode":{"drawMode":0,"name":"Shaded","section":"Shading Mode"},"sceneLighting":false,"audioPlay":false,"sceneViewState":{"m_AlwaysRefresh":false,"showFog":false,"showSkybox":false,"showFlares":false,"showImageEffects":false,"showParticleSystems":false,"showVisualEffectGraphs":true,"m_FxEnabled":true},"in2DMode":false,"pivot":{"x":-0.011752665042877198,"y":-0.6839233636856079,"z":-1.4202014207839966},"rotation":{"x":0.7243782877922058,"y":-0.04789216071367264,"z":-0.6859126091003418,"w":-0.05082542449235916},"size":2.678067207336426,"orthographic":true}