{"cameraMode":{"drawMode":0,"name":"Shaded","section":"Shading Mode"},"sceneLighting":false,"audioPlay":false,"sceneViewState":{"m_AlwaysRefresh":false,"showFog":false,"showSkybox":false,"showFlares":false,"showImageEffects":false,"showParticleSystems":false,"showVisualEffectGraphs":true,"m_FxEnabled":true},"in2DMode":false,"pivot":{"x":-0.6701281070709229,"y":1.0653151273727418,"z":-0.14060933887958527},"rotation":{"x":0.08881628513336182,"y":-0.15267112851142884,"z":0.013777620159089566,"w":0.9841813445091248},"size":3.214486598968506,"orthographic":true}