{"cameraMode":{"drawMode":0,"name":"Shaded","section":"Shading Mode"},"sceneLighting":false,"audioPlay":false,"sceneViewState":{"m_AlwaysRefresh":false,"showFog":false,"showSkybox":false,"showFlares":false,"showImageEffects":false,"showParticleSystems":false,"showVisualEffectGraphs":true,"m_FxEnabled":true},"in2DMode":false,"pivot":{"x":-0.41277480125427248,"y":-0.4473891854286194,"z":0.43387627601623537},"rotation":{"x":0.02231980673968792,"y":-0.9331949949264526,"z":0.058869194239377978,"w":0.35381433367729189},"size":1.5392768383026124,"orthographic":false}