{"cameraMode":{"drawMode":0,"name":"Shaded","section":"Shading Mode"},"sceneLighting":false,"audioPlay":false,"sceneViewState":{"m_AlwaysRefresh":false,"showFog":false,"showSkybox":false,"showFlares":false,"showImageEffects":false,"showParticleSystems":false,"showVisualEffectGraphs":true,"m_FxEnabled":true},"in2DMode":false,"pivot":{"x":0.12081044912338257,"y":0.40027713775634768,"z":-2.808791160583496},"rotation":{"x":-0.07720184326171875,"y":0.6610003709793091,"z":0.06865866482257843,"w":0.7432430982589722},"size":0.550177812576294,"orthographic":true}