{"cameraMode":{"drawMode":0,"name":"Shaded","section":"Shading Mode"},"sceneLighting":false,"audioPlay":false,"sceneViewState":{"m_AlwaysRefresh":false,"showFog":false,"showSkybox":false,"showFlares":false,"showImageEffects":false,"showParticleSystems":false,"showVisualEffectGraphs":true,"m_FxEnabled":true},"in2DMode":false,"pivot":{"x":-0.23808109760284425,"y":0.025376692414283754,"z":0.18961083889007569},"rotation":{"x":0.02178144082427025,"y":-0.8541674017906189,"z":0.03589615225791931,"w":0.518301248550415},"size":0.9382635951042175,"orthographic":false}