{"cameraMode":{"drawMode":0,"name":"Shaded","section":"Shading Mode"},"sceneLighting":false,"audioPlay":false,"sceneViewState":{"m_AlwaysRefresh":false,"showFog":false,"showSkybox":false,"showFlares":false,"showImageEffects":false,"showParticleSystems":false,"showVisualEffectGraphs":true,"m_FxEnabled":true},"in2DMode":false,"pivot":{"x":0.5070486068725586,"y":0.028837092220783235,"z":0.3350043296813965},"rotation":{"x":0.03597031533718109,"y":-0.6858288049697876,"z":0.03397629037499428,"w":0.7260795831680298},"size":2.4349071979522707,"orthographic":true}