{"cameraMode":{"drawMode":0,"name":"Shaded","section":"Shading Mode"},"sceneLighting":false,"audioPlay":false,"sceneViewState":{"m_AlwaysRefresh":false,"showFog":false,"showSkybox":false,"showFlares":false,"showImageEffects":false,"showParticleSystems":false,"showVisualEffectGraphs":true,"m_FxEnabled":true},"in2DMode":false,"pivot":{"x":1.7881393432617188e-7,"y":-1.7881393432617188e-7,"z":-0.10026025772094727},"rotation":{"x":0.02178144082427025,"y":-0.8541674017906189,"z":0.03589615225791931,"w":0.518301248550415},"size":1.5392769575119019,"orthographic":false}