{"cameraMode":{"drawMode":0,"name":"Shaded","section":"Shading Mode"},"sceneLighting":false,"audioPlay":false,"sceneViewState":{"m_AlwaysRefresh":false,"showFog":false,"showSkybox":false,"showFlares":false,"showImageEffects":false,"showParticleSystems":false,"showVisualEffectGraphs":true,"m_FxEnabled":true},"in2DMode":false,"pivot":{"x":0.4832650423049927,"y":0.35074931383132937,"z":-0.26191532611846926},"rotation":{"x":-0.005909526254981756,"y":-0.17282888293266297,"z":0.0010369587689638138,"w":-0.9849345684051514},"size":1.32878577709198,"orthographic":true}