{"cameraMode":{"drawMode":0,"name":"Shaded","section":"Shading Mode"},"sceneLighting":false,"audioPlay":false,"sceneViewState":{"m_AlwaysRefresh":false,"showFog":false,"showSkybox":false,"showFlares":false,"showImageEffects":false,"showParticleSystems":false,"showVisualEffectGraphs":true,"m_FxEnabled":true},"in2DMode":false,"pivot":{"x":1.3633215427398682,"y":0.6053867340087891,"z":-3.276970386505127},"rotation":{"x":-0.000053975440096110106,"y":0.9999414682388306,"z":-0.008999735116958619,"w":-0.005999889224767685},"size":4.046641826629639,"orthographic":true}