{"cameraMode":{"drawMode":0,"name":"Shaded","section":"Shading Mode"},"sceneLighting":false,"audioPlay":false,"sceneViewState":{"m_AlwaysRefresh":false,"showFog":false,"showSkybox":false,"showFlares":false,"showImageEffects":false,"showParticleSystems":false,"showVisualEffectGraphs":true,"m_FxEnabled":true},"in2DMode":false,"pivot":{"x":1.7881393432617188e-7,"y":-1.4901161193847657e-7,"z":0.25732922554016116},"rotation":{"x":0.13117124140262605,"y":-0.7061697244644165,"z":0.135735422372818,"w":0.6824195981025696},"size":0.7057583332061768,"orthographic":true}