{"cameraMode":{"drawMode":0,"name":"Shaded","section":"Shading Mode"},"sceneLighting":false,"audioPlay":false,"sceneViewState":{"showFog":true,"showMaterialUpdate":false,"showSkybox":false,"showFlares":true,"showImageEffects":true,"showParticleSystems":true},"in2DMode":false,"pivot":{"x":-0.0013597756624221802,"y":0.45496031641960146,"z":-0.03334838151931763},"rotation":{"x":0.2119400054216385,"y":-0.7011620402336121,"z":0.2322087287902832,"w":0.6399556398391724},"size":1.8349602222442628,"orthographic":false}