{"cameraMode":{"drawMode":0,"name":"Shaded","section":"Shading Mode"},"sceneLighting":true,"audioPlay":false,"sceneViewState":{"showFog":true,"showMaterialUpdate":false,"showSkybox":true,"showFlares":true,"showImageEffects":true,"showParticleSystems":true},"in2DMode":false,"pivot":{"x":-0.49459171295166018,"y":0.02137303352355957,"z":0.5320930480957031},"rotation":{"x":-0.09716027975082398,"y":0.8797329664230347,"z":-0.2044156938791275,"w":-0.418143630027771},"size":7.9435906410217289,"orthographic":false}