{"cameraMode":{"drawMode":0,"name":"Shaded","section":"Shading Mode"},"sceneLighting":true,"audioPlay":false,"sceneViewState":{"showFog":true,"showMaterialUpdate":false,"showSkybox":true,"showFlares":true,"showImageEffects":true,"showParticleSystems":true},"in2DMode":false,"pivot":{"x":-0.13610434532165528,"y":0.15245771408081056,"z":-0.1696913242340088},"rotation":{"x":0.11244314908981323,"y":-0.8723077774047852,"z":0.2380376011133194,"w":0.41204655170440676},"size":0.8731219172477722,"orthographic":false}