{"cameraMode":{"drawMode":0,"name":"Shaded","section":"Shading Mode"},"sceneLighting":true,"audioPlay":false,"sceneViewState":{"showFog":true,"showMaterialUpdate":false,"showSkybox":true,"showFlares":true,"showImageEffects":true,"showParticleSystems":true},"in2DMode":false,"pivot":{"x":0.0994216799736023,"y":1.136398434638977,"z":-3.047144889831543},"rotation":{"x":-0.1938093900680542,"y":0.40402621030807497,"z":-0.08801734447479248,"w":-0.8896394371986389},"size":13.9508695602417,"orthographic":true}