{"cameraMode":{"drawMode":0,"name":"Shaded","section":"Shading Mode"},"sceneLighting":true,"audioPlay":false,"sceneViewState":{"showFog":true,"showMaterialUpdate":false,"showSkybox":true,"showFlares":true,"showImageEffects":true,"showParticleSystems":true},"in2DMode":false,"pivot":{"x":5.783587455749512,"y":-4.2909440994262699,"z":0.854953408241272},"rotation":{"x":-0.09206581860780716,"y":-0.7295322418212891,"z":0.10020346194505692,"w":-0.6702778339385986},"size":14.807963371276856,"orthographic":false}