{"cameraMode":{"drawMode":0,"name":"Shaded","section":"Shading Mode"},"sceneLighting":true,"audioPlay":false,"sceneViewState":{"showFog":true,"showMaterialUpdate":false,"showSkybox":true,"showFlares":true,"showImageEffects":true,"showParticleSystems":true},"in2DMode":false,"pivot":{"x":0.63427734375,"y":-1.1678466796875,"z":0.63671875},"rotation":{"x":0.07043437659740448,"y":-0.014361660927534104,"z":0.0010142069077119232,"w":0.9974130392074585},"size":5.073879241943359,"orthographic":true}