{"cameraMode":{"drawMode":0,"name":"Shaded","section":"Shading Mode"},"sceneLighting":false,"audioPlay":false,"sceneViewState":{"showFog":false,"showMaterialUpdate":false,"showSkybox":false,"showFlares":false,"showImageEffects":false,"showParticleSystems":false},"in2DMode":false,"pivot":{"x":2.65316104888916,"y":-0.2713560461997986,"z":-5.814558982849121},"rotation":{"x":0.0006277166539803147,"y":-0.9072539210319519,"z":-0.001362286158837378,"w":-0.42059674859046938},"size":3.826293706893921,"orthographic":false}