{"cameraMode":{"drawMode":0,"name":"Shaded","section":"Shading Mode"},"sceneLighting":false,"audioPlay":false,"sceneViewState":{"showFog":false,"showMaterialUpdate":false,"showSkybox":false,"showFlares":false,"showImageEffects":false,"showParticleSystems":false},"in2DMode":false,"pivot":{"x":0.07643365859985352,"y":-2.5521340370178224,"z":-2.682732105255127},"rotation":{"x":-0.04634668678045273,"y":-0.929577112197876,"z":0.3435424268245697,"w":-0.12540975213050843},"size":6.538924217224121,"orthographic":false}