{"cameraMode":{"drawMode":0,"name":"Shaded","section":"Shading Mode"},"sceneLighting":true,"audioPlay":false,"sceneViewState":{"showFog":true,"showMaterialUpdate":false,"showSkybox":true,"showFlares":true,"showImageEffects":true,"showParticleSystems":true},"in2DMode":false,"pivot":{"x":3.961273670196533,"y":-1.3764735460281373,"z":-6.378115653991699},"rotation":{"x":-0.02062344364821911,"y":-0.9609119296073914,"z":0.07452424615621567,"w":-0.26595884561538699},"size":10.2933931350708,"orthographic":false}