{"cameraMode":{"drawMode":0,"name":"Shaded","section":"Shading Mode"},"sceneLighting":true,"audioPlay":false,"sceneViewState":{"showFog":true,"showMaterialUpdate":false,"showSkybox":true,"showFlares":true,"showImageEffects":true,"showParticleSystems":true},"in2DMode":false,"pivot":{"x":0.333984375,"y":-0.3756103515625,"z":-1.6375732421875},"rotation":{"x":-0.00840040948241949,"y":-0.7133982181549072,"z":-0.008568585850298405,"w":0.7006715536117554},"size":5.691237926483154,"orthographic":true}