{"cameraMode":{"drawMode":0,"name":"Shaded","section":"Shading Mode"},"sceneLighting":false,"audioPlay":false,"sceneViewState":{"showFog":false,"showMaterialUpdate":false,"showSkybox":false,"showFlares":false,"showImageEffects":false,"showParticleSystems":false},"in2DMode":false,"pivot":{"x":1.635444164276123,"y":-0.8781992197036743,"z":-2.7873239517211916},"rotation":{"x":-0.0237380713224411,"y":-0.9278095960617065,"z":0.05992504209280014,"w":-0.3674623370170593},"size":4.21721076965332,"orthographic":false}