{"cameraMode":{"drawMode":0,"name":"Shaded","section":"Shading Mode"},"sceneLighting":true,"audioPlay":false,"sceneViewState":{"showFog":true,"showMaterialUpdate":false,"showSkybox":true,"showFlares":true,"showImageEffects":true,"showParticleSystems":true},"in2DMode":false,"pivot":{"x":-2.4512131214141847,"y":-0.49621206521987917,"z":-0.18213796615600587},"rotation":{"x":0.06944933533668518,"y":-0.5986905694007874,"z":0.0522179938852787,"w":0.7962568998336792},"size":3.753868818283081,"orthographic":false}