{"cameraMode":{"drawMode":0,"name":"Shaded","section":"Shading Mode"},"sceneLighting":false,"audioPlay":false,"sceneViewState":{"showFog":false,"showMaterialUpdate":false,"showSkybox":false,"showFlares":false,"showImageEffects":false,"showParticleSystems":false},"in2DMode":false,"pivot":{"x":-1.9236042499542237,"y":-0.12359261512756348,"z":1.8869121074676514},"rotation":{"x":-0.07894893735647202,"y":0.8425015211105347,"z":-0.12862463295459748,"w":-0.5171218514442444},"size":3.4293007850646974,"orthographic":false}