{"cameraMode":{"drawMode":0,"name":"Shaded","section":"Shading Mode"},"sceneLighting":false,"audioPlay":false,"sceneViewState":{"showFog":false,"showMaterialUpdate":false,"showSkybox":false,"showFlares":false,"showImageEffects":false,"showParticleSystems":false},"in2DMode":false,"pivot":{"x":4.3813676834106449,"y":-2.3006598949432375,"z":-3.9985246658325197},"rotation":{"x":-0.06383116543292999,"y":-0.8122667670249939,"z":0.09053298830986023,"w":-0.5726805925369263},"size":4.738923072814941,"orthographic":false}