{"cameraMode":{"drawMode":0,"name":"Shaded","section":"Shading Mode"},"sceneLighting":true,"audioPlay":false,"sceneViewState":{"showFog":true,"showMaterialUpdate":false,"showSkybox":true,"showFlares":true,"showImageEffects":true,"showParticleSystems":true},"in2DMode":false,"pivot":{"x":0.279829740524292,"y":-0.02109682559967041,"z":0.7332347631454468},"rotation":{"x":0.05822193995118141,"y":0.9193068146705627,"z":-0.1488288938999176,"w":0.3596339523792267},"size":1.256460189819336,"orthographic":false}