{"cameraMode":{"drawMode":0,"name":"Shaded","section":"Shading Mode"},"sceneLighting":true,"audioPlay":false,"sceneViewState":{"showFog":true,"showMaterialUpdate":false,"showSkybox":true,"showFlares":true,"showImageEffects":true,"showParticleSystems":true},"in2DMode":false,"pivot":{"x":0.2760009765625,"y":-0.205963134765625,"z":1.01953125},"rotation":{"x":6.94952095869894e-9,"y":-1.1645057185205587e-7,"z":-2.2780671571354106e-8,"w":0.9999998211860657},"size":5.746304988861084,"orthographic":true}